stop_frame,all_noun_classes,all_nouns
P02_108_10146.jpg,6,spoon
P02_108_10162.jpg,"6,2","spoon,bowl"
P02_108_10227.jpg,6,spoon
P02_108_10649.jpg,3,tap
P02_108_10758.jpg,3,tap
P02_108_11122.jpg,13,glass
P02_108_11225.jpg,13,glass
P02_108_11755.jpg,13,glass
P02_108_11883.jpg,13,glass
P02_108_11966.jpg,7,cupboard
P02_108_12032.jpg,13,glass
P02_108_12085.jpg,7,cupboard
P02_108_12173.jpg,13,glass
P02_108_12278.jpg,10,hand
P02_108_12564.jpg,2,bowl
P02_108_12670.jpg,14,lid
P02_108_13232.jpg,12,drawer
P02_108_15593.jpg,13,glass
P02_108_15662.jpg,13,glass
P02_108_15800.jpg,13,glass
P02_108_16403.jpg,13,glass
P02_108_16602.jpg,13,glass
P02_108_16723.jpg,13,glass
P02_108_16948.jpg,13,glass
P02_108_17395.jpg,13,glass
P02_108_17659.jpg,13,glass
P02_108_17852.jpg,13,glass
P02_108_18192.jpg,13,glass
P02_108_1838.jpg,7,cupboard
P02_108_18437.jpg,13,glass
P02_108_18700.jpg,13,glass
P02_108_19001.jpg,12,drawer
P02_108_19089.jpg,6,spoon
P02_108_19127.jpg,12,drawer
P02_108_19755.jpg,6,spoon
P02_108_19802.jpg,"6,2","spoon,bowl"
P02_108_20069.jpg,6,spoon
P02_108_20102.jpg,"6,2","spoon,bowl"
P02_108_20457.jpg,"13,2","glass,bowl"
P02_108_20522.jpg,13,glass
P02_108_22190.jpg,"2,6","bowl,spoon"
P02_108_2296.jpg,7,cupboard
P02_108_23176.jpg,"2,6","bowl,spoon"
P02_108_23307.jpg,6,spoon
P02_108_23386.jpg,6,spoon
P02_108_23619.jpg,"10,2","hand,bowl"
P02_108_23928.jpg,10,hand
P02_108_24006.jpg,"10,2","hand,bowl"
P02_108_24534.jpg,"1,10","dough,hand"
P02_108_24650.jpg,10,hand
P02_108_24758.jpg,"10,2","hand,bowl"
P02_108_2476.jpg,7,cupboard
P02_108_2624.jpg,7,cupboard
P02_108_26794.jpg,1,dough
P02_108_27416.jpg,1,dough
P02_108_27447.jpg,"1,2","dough,bowl"
P02_108_2757.jpg,7,cupboard
P02_108_27589.jpg,2,bowl
P02_108_29028.jpg,"1,10","dough,hand"
P02_108_2935.jpg,7,cupboard
P02_108_29786.jpg,2,bowl
P02_108_29908.jpg,"1,10","dough,hand"
P02_108_3062.jpg,7,cupboard
P02_108_30719.jpg,"1,10","dough,hand"
P02_108_3148.jpg,7,cupboard
P02_108_32057.jpg,2,bowl
P02_108_32382.jpg,3,tap
P02_108_32629.jpg,10,hand
P02_108_33383.jpg,3,tap
P02_108_33542.jpg,10,hand
P02_108_33783.jpg,12,drawer
P02_108_33824.jpg,12,drawer
P02_108_33879.jpg,12,drawer
P02_108_34115.jpg,1,dough
P02_108_34270.jpg,2,bowl
P02_108_34587.jpg,2,bowl
P02_108_34870.jpg,"6,9","spoon,knife"
P02_108_35126.jpg,"6,9","spoon,knife"
P02_108_36197.jpg,7,cupboard
P02_108_36319.jpg,7,cupboard
P02_108_36381.jpg,7,cupboard
P02_108_37101.jpg,4,pan
P02_108_37186.jpg,4,pan
P02_108_37840.jpg,3,tap
P02_108_38186.jpg,3,tap
P02_108_38205.jpg,8,sponge
P02_108_38266.jpg,8,sponge
P02_108_38359.jpg,8,sponge
P02_108_38994.jpg,4,pan
P02_108_39061.jpg,3,tap
P02_108_3915.jpg,7,cupboard
P02_108_39178.jpg,8,sponge
P02_108_39353.jpg,8,sponge
P02_108_39373.jpg,8,sponge
P02_108_39798.jpg,4,pan
P02_108_39828.jpg,3,tap
P02_108_39881.jpg,8,sponge
P02_108_40012.jpg,8,sponge
P02_108_40546.jpg,4,pan
P02_108_40628.jpg,8,sponge
P02_108_4063.jpg,2,bowl
P02_108_40695.jpg,3,tap
P02_108_4135.jpg,2,bowl
P02_108_41356.jpg,3,tap
P02_108_41480.jpg,4,pan
P02_108_4220.jpg,7,cupboard
P02_108_4235.jpg,2,bowl
P02_108_42440.jpg,3,tap
P02_108_42830.jpg,3,tap
P02_108_43336.jpg,8,sponge
P02_108_43375.jpg,3,tap
P02_108_43403.jpg,8,sponge
P02_108_43433.jpg,3,tap
P02_108_43462.jpg,8,sponge
P02_108_43760.jpg,8,sponge
P02_108_43807.jpg,3,tap
P02_108_4403.jpg,2,bowl
P02_108_44159.jpg,3,tap
P02_108_44251.jpg,6,spoon
P02_108_44292.jpg,8,sponge
P02_108_44378.jpg,6,spoon
P02_108_44420.jpg,8,sponge
P02_108_44460.jpg,3,tap
P02_108_44555.jpg,6,spoon
P02_108_44596.jpg,3,tap
P02_108_44645.jpg,6,spoon
P02_108_44681.jpg,13,glass
P02_108_44723.jpg,3,tap
P02_108_44782.jpg,3,tap
P02_108_44786.jpg,13,glass
P02_108_44825.jpg,8,sponge
P02_108_45212.jpg,13,glass
P02_108_45239.jpg,8,sponge
P02_108_45288.jpg,3,tap
P02_108_45516.jpg,13,glass
P02_108_45554.jpg,3,tap
P02_108_45786.jpg,"9,6","knife,spoon"
P02_108_45819.jpg,8,sponge
P02_108_4583.jpg,7,cupboard
P02_108_46003.jpg,6,spoon
P02_108_46324.jpg,9,knife
P02_108_46357.jpg,8,sponge
P02_108_46397.jpg,3,tap
P02_108_46483.jpg,9,knife
P02_108_4651.jpg,13,glass
P02_108_46514.jpg,9,knife
P02_108_46538.jpg,6,spoon
P02_108_4681.jpg,7,cupboard
P02_108_46823.jpg,3,tap
P02_108_46931.jpg,6,spoon
P02_108_47126.jpg,10,hand
P02_108_47515.jpg,8,sponge
P02_108_47796.jpg,8,sponge
P02_108_47835.jpg,3,tap
P02_108_47847.jpg,3,tap
P02_108_47893.jpg,8,sponge
P02_108_4794.jpg,"13,2","glass,bowl"
P02_108_48047.jpg,8,sponge
P02_108_48245.jpg,3,tap
P02_108_48334.jpg,10,hand
P02_108_48384.jpg,3,tap
P02_108_48461.jpg,10,hand
P02_108_48606.jpg,10,hand
P02_108_49781.jpg,17,fridge
P02_108_49819.jpg,12,drawer
P02_108_50073.jpg,12,drawer
P02_108_50104.jpg,17,fridge
P02_108_5019.jpg,13,glass
P02_108_50605.jpg,12,drawer
P02_108_51614.jpg,12,drawer
P02_108_51663.jpg,9,knife
P02_108_51693.jpg,12,drawer
P02_108_52334.jpg,9,knife
P02_108_5290.jpg,"13,2","glass,bowl"
P02_108_5372.jpg,"13,2","glass,bowl"
P02_108_5596.jpg,13,glass
P02_108_57607.jpg,7,cupboard
P02_108_57691.jpg,13,glass
P02_108_57729.jpg,7,cupboard
P02_108_57850.jpg,13,glass
P02_108_58147.jpg,"2,13","bowl,glass"
P02_108_58246.jpg,3,tap
P02_108_58406.jpg,3,tap
P02_108_5855.jpg,"13,2","glass,bowl"
P02_108_58847.jpg,2,bowl
P02_108_58874.jpg,8,sponge
P02_108_58917.jpg,3,tap
P02_108_59050.jpg,2,bowl
P02_108_59118.jpg,3,tap
P02_108_5916.jpg,13,glass
P02_108_59263.jpg,2,bowl
P02_108_59477.jpg,3,tap
P02_108_59749.jpg,3,tap
P02_108_59789.jpg,3,tap
P02_108_60473.jpg,3,tap
P02_108_60983.jpg,3,tap
P02_108_61033.jpg,8,sponge
P02_108_61079.jpg,8,sponge
P02_108_61233.jpg,8,sponge
P02_108_61893.jpg,8,sponge
P02_108_61950.jpg,3,tap
P02_108_62397.jpg,3,tap
P02_108_62617.jpg,8,sponge
P02_108_62663.jpg,3,tap
P02_108_62778.jpg,3,tap
P02_108_62829.jpg,3,tap
P02_108_63508.jpg,3,tap
P02_108_63567.jpg,10,hand
P02_108_63592.jpg,3,tap
P02_108_63653.jpg,10,hand
P02_108_63881.jpg,10,hand
P02_108_6884.jpg,10,hand
P02_108_7645.jpg,12,drawer
P02_108_7736.jpg,6,spoon
P02_108_7774.jpg,12,drawer
P02_108_8044.jpg,2,bowl
P02_108_8200.jpg,2,bowl
P02_108_8237.jpg,6,spoon
P02_108_8272.jpg,14,lid
P02_108_8474.jpg,17,fridge
P02_108_8621.jpg,17,fridge
P02_108_8703.jpg,17,fridge
P02_108_9172.jpg,2,bowl
P02_108_9290.jpg,2,bowl
P02_108_9355.jpg,14,lid
P02_108_9800.jpg,12,drawer
P02_108_9873.jpg,6,spoon
P02_109_1104.jpg,10,hand
P02_109_16066.jpg,16,onion
P02_109_16105.jpg,9,knife
P02_109_16360.jpg,7,cupboard
P02_109_16649.jpg,4,pan
P02_109_16725.jpg,4,pan
P02_109_16821.jpg,7,cupboard
P02_109_17020.jpg,7,cupboard
P02_109_17127.jpg,7,cupboard
P02_109_17410.jpg,4,pan
P02_109_17972.jpg,17,fridge
P02_109_18030.jpg,5,meat
P02_109_18620.jpg,5,meat
P02_109_19199.jpg,9,knife
P02_109_19801.jpg,"16,4","onion,pan"
P02_109_20264.jpg,12,drawer
P02_109_20547.jpg,12,drawer
P02_109_20681.jpg,4,pan
P02_109_2075.jpg,16,onion
P02_109_22556.jpg,"16,4","onion,pan"
P02_109_23077.jpg,9,knife
P02_109_23688.jpg,9,knife
P02_109_250.jpg,9,knife
P02_109_25031.jpg,9,knife
P02_109_25085.jpg,4,pan
P02_109_26069.jpg,"16,4","onion,pan"
P02_109_26109.jpg,4,pan
P02_109_26139.jpg,9,knife
P02_109_2633.jpg,16,onion
P02_109_27106.jpg,5,meat
P02_109_27188.jpg,9,knife
P02_109_2791.jpg,16,onion
P02_109_28604.jpg,"16,4","onion,pan"
P02_109_29446.jpg,4,pan
P02_109_2988.jpg,9,knife
P02_109_29987.jpg,16,onion
P02_109_31566.jpg,4,pan
P02_109_31802.jpg,"16,4","onion,pan"
P02_109_31943.jpg,5,meat
P02_109_32077.jpg,"5,4","meat,pan"
P02_109_32172.jpg,5,meat
P02_109_32311.jpg,"5,4","meat,pan"
P02_109_32452.jpg,5,meat
P02_109_32551.jpg,5,meat
P02_109_32701.jpg,5,meat
P02_109_32863.jpg,5,meat
P02_109_32964.jpg,5,meat
P02_109_33038.jpg,5,meat
P02_109_33121.jpg,5,meat
P02_109_33252.jpg,5,meat
P02_109_33416.jpg,4,pan
P02_109_33743.jpg,"5,4","meat,pan"
P02_109_34004.jpg,"5,4","meat,pan"
P02_109_3438.jpg,16,onion
P02_109_3509.jpg,16,onion
P02_109_351.jpg,9,knife
P02_109_3518.jpg,16,onion
P02_109_37763.jpg,"5,4","meat,pan"
P02_109_3854.jpg,16,onion
P02_109_4086.jpg,16,onion
P02_109_41845.jpg,"5,4","meat,pan"
P02_109_41894.jpg,14,lid
P02_109_42008.jpg,"4,14","pan,lid"
P02_109_429.jpg,3,tap
P02_109_43064.jpg,3,tap
P02_109_4359.jpg,16,onion
P02_109_44072.jpg,3,tap
P02_109_44872.jpg,3,tap
P02_109_44959.jpg,3,tap
P02_109_45126.jpg,10,hand
P02_109_5119.jpg,16,onion
P02_109_5285.jpg,16,onion
P02_109_5871.jpg,16,onion
P02_109_6573.jpg,16,onion
P02_109_7097.jpg,16,onion
P02_109_7298.jpg,16,onion
P02_109_7813.jpg,16,onion
P02_109_906.jpg,3,tap
P02_112_12007.jpg,10,hand
P02_112_1251.jpg,7,cupboard
P02_112_1463.jpg,14,lid
P02_112_15172.jpg,2,bowl
P02_112_15893.jpg,1,dough
P02_112_17664.jpg,7,cupboard
P02_112_17870.jpg,15,plate
P02_112_18021.jpg,15,plate
P02_112_18159.jpg,14,lid
P02_112_18341.jpg,15,plate
P02_112_18771.jpg,15,plate
P02_112_20662.jpg,1,dough
P02_112_21538.jpg,15,plate
P02_112_2179.jpg,6,spoon
P02_112_22685.jpg,1,dough
P02_112_23117.jpg,1,dough
P02_112_2339.jpg,"6,4","spoon,pan"
P02_112_23643.jpg,1,dough
P02_112_23705.jpg,15,plate
P02_112_23748.jpg,10,hand
P02_112_2375.jpg,14,lid
P02_112_247.jpg,12,drawer
P02_112_24710.jpg,1,dough
P02_112_25285.jpg,1,dough
P02_112_25341.jpg,15,plate
P02_112_25375.jpg,10,hand
P02_112_26342.jpg,1,dough
P02_112_26895.jpg,1,dough
P02_112_27080.jpg,15,plate
P02_112_2729.jpg,12,drawer
P02_112_27458.jpg,15,plate
P02_112_27478.jpg,10,hand
P02_112_2797.jpg,6,spoon
P02_112_28400.jpg,1,dough
P02_112_2846.jpg,12,drawer
P02_112_28863.jpg,1,dough
P02_112_28912.jpg,15,plate
P02_112_28964.jpg,10,hand
P02_112_29804.jpg,1,dough
P02_112_30502.jpg,1,dough
P02_112_30536.jpg,15,plate
P02_112_30573.jpg,10,hand
P02_112_31427.jpg,1,dough
P02_112_31826.jpg,1,dough
P02_112_31891.jpg,15,plate
P02_112_31919.jpg,10,hand
P02_112_32475.jpg,1,dough
P02_112_33084.jpg,1,dough
P02_112_33543.jpg,1,dough
P02_112_33598.jpg,15,plate
P02_112_33612.jpg,10,hand
P02_112_337.jpg,6,spoon
P02_112_34360.jpg,1,dough
P02_112_35186.jpg,1,dough
P02_112_35242.jpg,10,hand
P02_112_35798.jpg,1,dough
P02_112_36236.jpg,1,dough
P02_112_36261.jpg,15,plate
P02_112_36317.jpg,10,hand
P02_112_368.jpg,12,drawer
P02_112_37194.jpg,1,dough
P02_112_3758.jpg,"6,4","spoon,pan"
P02_112_37698.jpg,1,dough
P02_112_37752.jpg,15,plate
P02_112_37789.jpg,10,hand
P02_112_38567.jpg,1,dough
P02_112_39003.jpg,1,dough
P02_112_39047.jpg,15,plate
P02_112_39072.jpg,10,hand
P02_112_39937.jpg,1,dough
P02_112_4037.jpg,6,spoon
P02_112_40582.jpg,1,dough
P02_112_40643.jpg,10,hand
P02_112_41382.jpg,1,dough
P02_112_4219.jpg,6,spoon
P02_112_42198.jpg,1,dough
P02_112_42274.jpg,15,plate
P02_112_42298.jpg,10,hand
P02_112_4282.jpg,4,pan
P02_112_43196.jpg,1,dough
P02_112_437.jpg,17,fridge
P02_112_43927.jpg,10,hand
P02_112_44399.jpg,1,dough
P02_112_44713.jpg,1,dough
P02_112_45063.jpg,2,bowl
P02_112_45114.jpg,10,hand
P02_112_45793.jpg,10,hand
P02_112_46152.jpg,2,bowl
P02_112_46225.jpg,2,bowl
P02_112_46440.jpg,4,pan
P02_112_46461.jpg,4,pan
P02_112_46656.jpg,"5,4","meat,pan"
P02_112_46793.jpg,5,meat
P02_112_46828.jpg,"5,4","meat,pan"
P02_112_46992.jpg,"5,1","meat,dough"
P02_112_47010.jpg,"5,4","meat,pan"
P02_112_47080.jpg,"5,1","meat,dough"
P02_112_47127.jpg,"5,4","meat,pan"
P02_112_47235.jpg,"5,1","meat,dough"
P02_112_47312.jpg,"5,4","meat,pan"
P02_112_47477.jpg,"5,1","meat,dough"
P02_112_47527.jpg,"5,4","meat,pan"
P02_112_47646.jpg,"5,1","meat,dough"
P02_112_47824.jpg,"5,4","meat,pan"
P02_112_48044.jpg,"5,1","meat,dough"
P02_112_48093.jpg,"5,4","meat,pan"
P02_112_48225.jpg,"5,1","meat,dough"
P02_112_48335.jpg,"5,4","meat,pan"
P02_112_48467.jpg,"5,1","meat,dough"
P02_112_48686.jpg,"5,4","meat,pan"
P02_112_48821.jpg,"5,1","meat,dough"
P02_112_48898.jpg,"5,4","meat,pan"
P02_112_49079.jpg,"5,1","meat,dough"
P02_112_49174.jpg,"5,4","meat,pan"
P02_112_49344.jpg,"5,1","meat,dough"
P02_112_49387.jpg,"5,4","meat,pan"
P02_112_49523.jpg,"5,1","meat,dough"
P02_112_49598.jpg,"5,4","meat,pan"
P02_112_49770.jpg,"5,1","meat,dough"
P02_112_49824.jpg,"5,4","meat,pan"
P02_112_49884.jpg,"5,1","meat,dough"
P02_112_50015.jpg,"5,4","meat,pan"
P02_112_50096.jpg,"5,1","meat,dough"
P02_112_50162.jpg,1,dough
P02_112_50290.jpg,"5,4","meat,pan"
P02_112_50416.jpg,"5,1","meat,dough"
P02_112_50527.jpg,"5,4","meat,pan"
P02_112_50706.jpg,"5,1","meat,dough"
P02_112_50789.jpg,"5,4","meat,pan"
P02_112_50906.jpg,"5,1","meat,dough"
P02_112_5120.jpg,5,meat
P02_112_51961.jpg,"5,4","meat,pan"
P02_112_52082.jpg,"5,1","meat,dough"
P02_112_52191.jpg,"5,4","meat,pan"
P02_112_52400.jpg,"5,1","meat,dough"
P02_112_52605.jpg,"5,4","meat,pan"
P02_112_52661.jpg,"5,1","meat,dough"
P02_112_52741.jpg,"5,4","meat,pan"
P02_112_5282.jpg,6,spoon
P02_112_52829.jpg,"5,1","meat,dough"
P02_112_52979.jpg,"5,4","meat,pan"
P02_112_53127.jpg,"5,1","meat,dough"
P02_112_53205.jpg,"5,4","meat,pan"
P02_112_53326.jpg,"5,1","meat,dough"
P02_112_53454.jpg,"5,4","meat,pan"
P02_112_53599.jpg,"5,1","meat,dough"
P02_112_53658.jpg,"5,4","meat,pan"
P02_112_53843.jpg,"5,1","meat,dough"
P02_112_53936.jpg,"5,4","meat,pan"
P02_112_5411.jpg,14,lid
P02_112_54138.jpg,"5,1","meat,dough"
P02_112_54235.jpg,"5,4","meat,pan"
P02_112_54346.jpg,"5,1","meat,dough"
P02_112_54390.jpg,"5,4","meat,pan"
P02_112_54464.jpg,"5,1","meat,dough"
P02_112_54554.jpg,"5,4","meat,pan"
P02_112_54760.jpg,"5,1","meat,dough"
P02_112_54779.jpg,"5,1","meat,dough"
P02_112_54846.jpg,"5,4","meat,pan"
P02_112_54854.jpg,"5,4","meat,pan"
P02_112_54906.jpg,"5,1","meat,dough"
P02_112_55128.jpg,"5,4","meat,pan"
P02_112_55208.jpg,"5,1","meat,dough"
P02_112_55621.jpg,4,pan
P02_112_55683.jpg,4,pan
P02_112_55709.jpg,"5,4","meat,pan"
P02_112_55758.jpg,"5,1","meat,dough"
P02_112_55852.jpg,"5,1","meat,dough"
P02_112_55899.jpg,"5,4","meat,pan"
P02_112_56109.jpg,"5,4","meat,pan"
P02_112_56116.jpg,"5,4","meat,pan"
P02_112_56187.jpg,"5,1","meat,dough"
P02_112_56198.jpg,"5,1","meat,dough"
P02_112_56302.jpg,"5,4","meat,pan"
P02_112_56817.jpg,"5,4","meat,pan"
P02_112_57009.jpg,"5,1","meat,dough"
P02_112_57082.jpg,"5,4","meat,pan"
P02_112_57319.jpg,"5,1","meat,dough"
P02_112_57619.jpg,"5,1","meat,dough"
P02_112_57697.jpg,"5,4","meat,pan"
P02_112_57827.jpg,"5,1","meat,dough"
P02_112_57927.jpg,"5,4","meat,pan"
P02_112_58095.jpg,"5,1","meat,dough"
P02_112_58207.jpg,"5,4","meat,pan"
P02_112_5835.jpg,"6,4","spoon,pan"
P02_112_58425.jpg,"5,1","meat,dough"
P02_112_58618.jpg,"5,4","meat,pan"
P02_112_58698.jpg,5,meat
P02_112_58905.jpg,4,pan
P02_112_5896.jpg,6,spoon
P02_112_5935.jpg,14,lid
P02_112_6037.jpg,4,pan
P02_112_6525.jpg,5,meat
P02_112_6613.jpg,7,cupboard
P02_112_696.jpg,17,fridge
P02_112_7045.jpg,14,lid
P02_112_7100.jpg,"14,4","lid,pan"
P02_112_7248.jpg,4,pan
P02_112_7968.jpg,5,meat
P02_112_8154.jpg,14,lid
P02_112_8184.jpg,"14,4","lid,pan"
P02_112_8341.jpg,4,pan
P02_112_8969.jpg,5,meat
P02_112_915.jpg,7,cupboard
P02_112_9178.jpg,5,meat
P02_112_9361.jpg,6,spoon
P02_112_9428.jpg,14,lid
P02_112_9730.jpg,7,cupboard
P02_129_10130.jpg,14,lid
P02_129_10552.jpg,14,lid
P02_129_10624.jpg,14,lid
P02_129_10709.jpg,"14,4","lid,pan"
P02_129_11213.jpg,4,pan
P02_129_11759.jpg,14,lid
P02_129_11816.jpg,"4,14","pan,lid"
P02_129_1197.jpg,4,pan
P02_129_12073.jpg,7,cupboard
P02_129_12238.jpg,7,cupboard
P02_129_12333.jpg,7,cupboard
P02_129_12501.jpg,7,cupboard
P02_129_12807.jpg,7,cupboard
P02_129_13095.jpg,7,cupboard
P02_129_13349.jpg,7,cupboard
P02_129_1352.jpg,4,pan
P02_129_13543.jpg,7,cupboard
P02_129_13706.jpg,14,lid
P02_129_13776.jpg,14,lid
P02_129_14006.jpg,15,plate
P02_129_14110.jpg,7,cupboard
P02_129_14218.jpg,"15,7","plate,cupboard"
P02_129_1433.jpg,4,pan
P02_129_14485.jpg,17,fridge
P02_129_14571.jpg,17,fridge
P02_129_14617.jpg,17,fridge
P02_129_1493.jpg,7,cupboard
P02_129_15060.jpg,14,lid
P02_129_15107.jpg,4,pan
P02_129_15167.jpg,7,cupboard
P02_129_15466.jpg,"4,7","pan,cupboard"
P02_129_15533.jpg,7,cupboard
P02_129_15783.jpg,17,fridge
P02_129_15894.jpg,17,fridge
P02_129_16130.jpg,12,drawer
P02_129_16183.jpg,6,spoon
P02_129_1652.jpg,7,cupboard
P02_129_16543.jpg,14,lid
P02_129_17010.jpg,6,spoon
P02_129_17136.jpg,14,lid
P02_129_17158.jpg,6,spoon
P02_129_17228.jpg,6,spoon
P02_129_17337.jpg,"6,4","spoon,pan"
P02_129_17765.jpg,4,pan
P02_129_17847.jpg,6,spoon
P02_129_17878.jpg,14,lid
P02_129_18139.jpg,17,fridge
P02_129_18210.jpg,17,fridge
P02_129_18291.jpg,17,fridge
P02_129_18449.jpg,3,tap
P02_129_18513.jpg,10,hand
P02_129_18569.jpg,3,tap
P02_129_18632.jpg,10,hand
P02_129_18667.jpg,6,spoon
P02_129_19201.jpg,4,pan
P02_129_19252.jpg,6,spoon
P02_129_19500.jpg,7,cupboard
P02_129_19717.jpg,7,cupboard
P02_129_19755.jpg,7,cupboard
P02_129_19905.jpg,13,glass
P02_129_19981.jpg,7,cupboard
P02_129_20025.jpg,"13,7","glass,cupboard"
P02_129_20107.jpg,13,glass
P02_129_20159.jpg,"13,7","glass,cupboard"
P02_129_2030.jpg,4,pan
P02_129_21339.jpg,7,cupboard
P02_129_21401.jpg,7,cupboard
P02_129_21448.jpg,7,cupboard
P02_129_21536.jpg,15,plate
P02_129_21647.jpg,"15,7","plate,cupboard"
P02_129_21720.jpg,"15,7","plate,cupboard"
P02_129_21862.jpg,6,spoon
P02_129_22251.jpg,4,pan
P02_129_22364.jpg,6,spoon
P02_129_22611.jpg,12,drawer
P02_129_22664.jpg,"6,12","spoon,drawer"
P02_129_22703.jpg,"9,12","knife,drawer"
P02_129_22745.jpg,12,drawer
P02_129_23249.jpg,8,sponge
P02_129_23302.jpg,3,tap
P02_129_23339.jpg,8,sponge
P02_129_23361.jpg,3,tap
P02_129_23405.jpg,8,sponge
P02_129_23473.jpg,8,sponge
P02_129_23553.jpg,6,spoon
P02_129_23681.jpg,6,spoon
P02_129_23714.jpg,8,sponge
P02_129_23761.jpg,3,tap
P02_129_23914.jpg,6,spoon
P02_129_23929.jpg,3,tap
P02_129_23980.jpg,6,spoon
P02_129_24006.jpg,15,plate
P02_129_24024.jpg,8,sponge
P02_129_24191.jpg,15,plate
P02_129_24232.jpg,8,sponge
P02_129_24264.jpg,3,tap
P02_129_24501.jpg,15,plate
P02_129_24535.jpg,3,tap
P02_129_24609.jpg,15,plate
P02_129_24619.jpg,8,sponge
P02_129_25087.jpg,8,sponge
P02_129_25147.jpg,3,tap
P02_129_25292.jpg,3,tap
P02_129_25437.jpg,8,sponge
P02_129_25512.jpg,8,sponge
P02_129_25575.jpg,8,sponge
P02_129_2558.jpg,4,pan
P02_129_25752.jpg,6,spoon
P02_129_26236.jpg,4,pan
P02_129_26398.jpg,6,spoon
P02_129_26824.jpg,8,sponge
P02_129_26826.jpg,9,knife
P02_129_26966.jpg,9,knife
P02_129_26999.jpg,9,knife
P02_129_27107.jpg,9,knife
P02_129_27176.jpg,9,knife
P02_129_27310.jpg,9,knife
P02_129_27348.jpg,9,knife
P02_129_27480.jpg,9,knife
P02_129_27552.jpg,9,knife
P02_129_27709.jpg,9,knife
P02_129_27756.jpg,9,knife
P02_129_27944.jpg,9,knife
P02_129_27980.jpg,8,sponge
P02_129_28033.jpg,3,tap
P02_129_28464.jpg,9,knife
P02_129_28522.jpg,3,tap
P02_129_28689.jpg,9,knife
P02_129_28709.jpg,8,sponge
P02_129_29074.jpg,8,sponge
P02_129_29124.jpg,3,tap
P02_129_29337.jpg,3,tap
P02_129_29382.jpg,8,sponge
P02_129_29383.jpg,6,spoon
P02_129_29545.jpg,6,spoon
P02_129_29564.jpg,6,spoon
P02_129_29719.jpg,6,spoon
P02_129_29751.jpg,6,spoon
P02_129_29824.jpg,6,spoon
P02_129_30127.jpg,9,knife
P02_129_30288.jpg,9,knife
P02_129_30504.jpg,20,fork
P02_129_30651.jpg,20,fork
P02_129_30693.jpg,8,sponge
P02_129_307.jpg,14,lid
P02_129_30741.jpg,3,tap
P02_129_30859.jpg,20,fork
P02_129_30877.jpg,20,fork
P02_129_30956.jpg,9,knife
P02_129_31018.jpg,9,knife
P02_129_31086.jpg,6,spoon
P02_129_31120.jpg,6,spoon
P02_129_31183.jpg,6,spoon
P02_129_31233.jpg,6,spoon
P02_129_31276.jpg,6,spoon
P02_129_31320.jpg,3,tap
P02_129_31374.jpg,6,spoon
P02_129_32126.jpg,8,sponge
P02_129_3229.jpg,9,knife
P02_129_32430.jpg,8,sponge
P02_129_32492.jpg,3,tap
P02_129_325.jpg,4,pan
P02_129_32699.jpg,3,tap
P02_129_32818.jpg,6,spoon
P02_129_32883.jpg,8,sponge
P02_129_33027.jpg,6,spoon
P02_129_33062.jpg,20,fork
P02_129_33192.jpg,20,fork
P02_129_33226.jpg,6,spoon
P02_129_33352.jpg,6,spoon
P02_129_33375.jpg,8,sponge
P02_129_33449.jpg,3,tap
P02_129_33518.jpg,6,spoon
P02_129_33555.jpg,6,spoon
P02_129_33626.jpg,20,fork
P02_129_33670.jpg,20,fork
P02_129_33671.jpg,6,spoon
P02_129_33700.jpg,3,tap
P02_129_33745.jpg,6,spoon
P02_129_33776.jpg,8,sponge
P02_129_33858.jpg,8,sponge
P02_129_34018.jpg,6,spoon
P02_129_34133.jpg,6,spoon
P02_129_34189.jpg,6,spoon
P02_129_34315.jpg,6,spoon
P02_129_34365.jpg,6,spoon
P02_129_34552.jpg,6,spoon
P02_129_34720.jpg,8,sponge
P02_129_34775.jpg,3,tap
P02_129_34973.jpg,6,spoon
P02_129_35019.jpg,3,tap
P02_129_35089.jpg,6,spoon
P02_129_35304.jpg,6,spoon
P02_129_35844.jpg,4,pan
P02_129_35909.jpg,6,spoon
P02_129_36344.jpg,3,tap
P02_129_37202.jpg,3,tap
P02_129_38884.jpg,8,sponge
P02_129_392.jpg,4,pan
P02_129_39764.jpg,3,tap
P02_129_40007.jpg,3,tap
P02_129_40259.jpg,6,spoon
P02_129_40821.jpg,4,pan
P02_129_40891.jpg,6,spoon
P02_129_41054.jpg,7,cupboard
P02_129_41261.jpg,7,cupboard
P02_129_4149.jpg,9,knife
P02_129_41541.jpg,7,cupboard
P02_129_42228.jpg,7,cupboard
P02_129_42312.jpg,7,cupboard
P02_129_42624.jpg,7,cupboard
P02_129_42724.jpg,7,cupboard
P02_129_43951.jpg,7,cupboard
P02_129_44038.jpg,7,cupboard
P02_129_4589.jpg,12,drawer
P02_129_49097.jpg,6,spoon
P02_129_49358.jpg,4,pan
P02_129_49404.jpg,6,spoon
P02_129_4953.jpg,9,knife
P02_129_5030.jpg,"4,9","pan,knife"
P02_129_50957.jpg,7,cupboard
P02_129_51091.jpg,15,plate
P02_129_51217.jpg,15,plate
P02_129_51442.jpg,17,fridge
P02_129_51529.jpg,17,fridge
P02_129_51583.jpg,12,drawer
P02_129_51646.jpg,20,fork
P02_129_51925.jpg,4,pan
P02_129_52273.jpg,"4,15","pan,plate"
P02_129_5251.jpg,"4,9","pan,knife"
P02_129_52598.jpg,4,pan
P02_129_52666.jpg,"20,15","fork,plate"
P02_129_52727.jpg,7,cupboard
P02_129_52828.jpg,7,cupboard
P02_129_5380.jpg,9,knife
P02_129_5440.jpg,9,knife
P02_129_55321.jpg,17,fridge
P02_129_55345.jpg,17,fridge
P02_129_55372.jpg,17,fridge
P02_129_55594.jpg,15,plate
P02_129_5832.jpg,4,pan
P02_129_610.jpg,3,tap
P02_129_6172.jpg,17,fridge
P02_129_6400.jpg,17,fridge
P02_129_7256.jpg,10,hand
P02_129_7332.jpg,10,hand
P02_129_7481.jpg,3,tap
P02_129_7721.jpg,3,tap
P02_129_7872.jpg,10,hand
P02_129_8147.jpg,9,knife
P02_129_849.jpg,3,tap
P02_129_9458.jpg,"4,9","pan,knife"
P02_129_9563.jpg,9,knife
P02_129_9965.jpg,4,pan
P04_107_1050.jpg,1,dough
P04_107_1106.jpg,"1,2","dough,bowl"
P04_107_1265.jpg,1,dough
P04_107_12856.jpg,12,drawer
P04_107_12937.jpg,12,drawer
P04_107_13138.jpg,1,dough
P04_107_13204.jpg,1,dough
P04_107_13377.jpg,10,hand
P04_107_13525.jpg,1,dough
P04_107_14421.jpg,12,drawer
P04_107_14654.jpg,7,cupboard
P04_107_15080.jpg,12,drawer
P04_107_15357.jpg,12,drawer
P04_107_15527.jpg,9,knife
P04_107_15625.jpg,1,dough
P04_107_15702.jpg,1,dough
P04_107_15775.jpg,1,dough
P04_107_15865.jpg,1,dough
P04_107_16070.jpg,1,dough
P04_107_16130.jpg,1,dough
P04_107_1614.jpg,1,dough
P04_107_16402.jpg,1,dough
P04_107_16494.jpg,1,dough
P04_107_16511.jpg,1,dough
P04_107_16750.jpg,1,dough
P04_107_16831.jpg,1,dough
P04_107_16919.jpg,1,dough
P04_107_17120.jpg,1,dough
P04_107_17358.jpg,1,dough
P04_107_1752.jpg,1,dough
P04_107_17606.jpg,1,dough
P04_107_17685.jpg,1,dough
P04_107_17765.jpg,1,dough
P04_107_17917.jpg,1,dough
P04_107_17945.jpg,1,dough
P04_107_18180.jpg,1,dough
P04_107_18306.jpg,1,dough
P04_107_19160.jpg,"1,10","dough,hand"
P04_107_19314.jpg,"1,10","dough,hand"
P04_107_19323.jpg,1,dough
P04_107_19361.jpg,1,dough
P04_107_19404.jpg,1,dough
P04_107_19450.jpg,1,dough
P04_107_19477.jpg,1,dough
P04_107_19595.jpg,1,dough
P04_107_19600.jpg,1,dough
P04_107_19630.jpg,1,dough
P04_107_19637.jpg,1,dough
P04_107_1964.jpg,9,knife
P04_107_19768.jpg,1,dough
P04_107_20117.jpg,1,dough
P04_107_20225.jpg,1,dough
P04_107_20341.jpg,1,dough
P04_107_20342.jpg,1,dough
P04_107_20383.jpg,1,dough
P04_107_20585.jpg,1,dough
P04_107_20712.jpg,1,dough
P04_107_20753.jpg,1,dough
P04_107_20796.jpg,1,dough
P04_107_20971.jpg,1,dough
P04_107_21062.jpg,1,dough
P04_107_21109.jpg,1,dough
P04_107_21121.jpg,1,dough
P04_107_21201.jpg,1,dough
P04_107_21328.jpg,1,dough
P04_107_21342.jpg,1,dough
P04_107_21485.jpg,1,dough
P04_107_21528.jpg,1,dough
P04_107_21655.jpg,1,dough
P04_107_21762.jpg,1,dough
P04_107_21792.jpg,1,dough
P04_107_21860.jpg,"1,1","dough,dough"
P04_107_21891.jpg,1,dough
P04_107_21972.jpg,1,dough
P04_107_22118.jpg,1,dough
P04_107_22245.jpg,1,dough
P04_107_22645.jpg,1,dough
P04_107_22691.jpg,1,dough
P04_107_22903.jpg,1,dough
P04_107_22941.jpg,1,dough
P04_107_23038.jpg,1,dough
P04_107_23121.jpg,1,dough
P04_107_23353.jpg,1,dough
P04_107_23404.jpg,1,dough
P04_107_23498.jpg,1,dough
P04_107_23745.jpg,1,dough
P04_107_23851.jpg,1,dough
P04_107_23909.jpg,1,dough
P04_107_24052.jpg,1,dough
P04_107_24125.jpg,1,dough
P04_107_24202.jpg,1,dough
P04_107_24264.jpg,1,dough
P04_107_24319.jpg,1,dough
P04_107_2459.jpg,1,dough
P04_107_24622.jpg,1,dough
P04_107_24818.jpg,1,dough
P04_107_24957.jpg,1,dough
P04_107_25007.jpg,1,dough
P04_107_25041.jpg,1,dough
P04_107_25128.jpg,1,dough
P04_107_25370.jpg,1,dough
P04_107_25620.jpg,1,dough
P04_107_25730.jpg,2,bowl
P04_107_25800.jpg,2,bowl
P04_107_26121.jpg,1,dough
P04_107_262.jpg,1,dough
P04_107_2632.jpg,1,dough
P04_107_26665.jpg,1,dough
P04_107_26676.jpg,1,dough
P04_107_26781.jpg,1,dough
P04_107_26870.jpg,1,dough
P04_107_27012.jpg,1,dough
P04_107_27110.jpg,1,dough
P04_107_27172.jpg,1,dough
P04_107_27195.jpg,1,dough
P04_107_2720.jpg,"1,1","dough,dough"
P04_107_27378.jpg,1,dough
P04_107_27382.jpg,1,dough
P04_107_27647.jpg,1,dough
P04_107_27687.jpg,1,dough
P04_107_27814.jpg,1,dough
P04_107_27883.jpg,1,dough
P04_107_27919.jpg,1,dough
P04_107_27983.jpg,1,dough
P04_107_28016.jpg,1,dough
P04_107_2803.jpg,1,dough
P04_107_28097.jpg,1,dough
P04_107_28295.jpg,1,dough
P04_107_2880.jpg,1,dough
P04_107_29633.jpg,1,dough
P04_107_29728.jpg,1,dough
P04_107_29786.jpg,1,dough
P04_107_29815.jpg,1,dough
P04_107_29955.jpg,1,dough
P04_107_30052.jpg,1,dough
P04_107_30301.jpg,1,dough
P04_107_3037.jpg,1,dough
P04_107_30409.jpg,1,dough
P04_107_30646.jpg,1,dough
P04_107_30734.jpg,1,dough
P04_107_30939.jpg,1,dough
P04_107_31044.jpg,1,dough
P04_107_31301.jpg,1,dough
P04_107_31450.jpg,1,dough
P04_107_31549.jpg,1,dough
P04_107_31635.jpg,1,dough
P04_107_31636.jpg,1,dough
P04_107_31667.jpg,1,dough
P04_107_31707.jpg,1,dough
P04_107_31945.jpg,1,dough
P04_107_32360.jpg,1,dough
P04_107_32413.jpg,6,spoon
P04_107_32662.jpg,1,dough
P04_107_32722.jpg,1,dough
P04_107_33109.jpg,1,dough
P04_107_33165.jpg,1,dough
P04_107_33179.jpg,1,dough
P04_107_33402.jpg,1,dough
P04_107_33544.jpg,1,dough
P04_107_33609.jpg,1,dough
P04_107_33707.jpg,1,dough
P04_107_33798.jpg,1,dough
P04_107_33906.jpg,1,dough
P04_107_33974.jpg,1,dough
P04_107_3404.jpg,1,dough
P04_107_34084.jpg,1,dough
P04_107_34231.jpg,1,dough
P04_107_34296.jpg,1,dough
P04_107_34374.jpg,1,dough
P04_107_34448.jpg,1,dough
P04_107_34653.jpg,1,dough
P04_107_34679.jpg,1,dough
P04_107_34736.jpg,1,dough
P04_107_34910.jpg,1,dough
P04_107_35007.jpg,1,dough
P04_107_35987.jpg,1,dough
P04_107_36468.jpg,1,dough
P04_107_36502.jpg,1,dough
P04_107_36607.jpg,1,dough
P04_107_36692.jpg,1,dough
P04_107_36947.jpg,1,dough
P04_107_36983.jpg,1,dough
P04_107_37190.jpg,1,dough
P04_107_37257.jpg,1,dough
P04_107_37367.jpg,1,dough
P04_107_37396.jpg,1,dough
P04_107_37466.jpg,1,dough
P04_107_37538.jpg,1,dough
P04_107_37647.jpg,1,dough
P04_107_37798.jpg,1,dough
P04_107_3784.jpg,1,dough
P04_107_37998.jpg,1,dough
P04_107_38007.jpg,1,dough
P04_107_38164.jpg,1,dough
P04_107_38185.jpg,1,dough
P04_107_38488.jpg,1,dough
P04_107_3895.jpg,1,dough
P04_107_39033.jpg,1,dough
P04_107_3908.jpg,1,dough
P04_107_3910.jpg,1,dough
P04_107_39150.jpg,1,dough
P04_107_3930.jpg,1,dough
P04_107_39487.jpg,1,dough
P04_107_39526.jpg,1,dough
P04_107_39572.jpg,1,dough
P04_107_39689.jpg,1,dough
P04_107_3970.jpg,1,dough
P04_107_39838.jpg,1,dough
P04_107_39991.jpg,1,dough
P04_107_4013.jpg,1,dough
P04_107_40203.jpg,1,dough
P04_107_40261.jpg,1,dough
P04_107_40318.jpg,1,dough
P04_107_40454.jpg,1,dough
P04_107_40539.jpg,1,dough
P04_107_40568.jpg,1,dough
P04_107_4065.jpg,1,dough
P04_107_40711.jpg,1,dough
P04_107_40737.jpg,1,dough
P04_107_40777.jpg,1,dough
P04_107_40827.jpg,1,dough
P04_107_40957.jpg,1,dough
P04_107_4115.jpg,1,dough
P04_107_41194.jpg,1,dough
P04_107_4140.jpg,1,dough
P04_107_41454.jpg,4,pan
P04_107_4197.jpg,1,dough
P04_107_42405.jpg,1,dough
P04_107_42547.jpg,1,dough
P04_107_42593.jpg,1,dough
P04_107_42879.jpg,1,dough
P04_107_42931.jpg,1,dough
P04_107_42992.jpg,1,dough
P04_107_43181.jpg,1,dough
P04_107_43219.jpg,1,dough
P04_107_4336.jpg,1,dough
P04_107_43487.jpg,1,dough
P04_107_43679.jpg,1,dough
P04_107_43701.jpg,1,dough
P04_107_43883.jpg,1,dough
P04_107_43912.jpg,1,dough
P04_107_43963.jpg,1,dough
P04_107_44012.jpg,1,dough
P04_107_44018.jpg,1,dough
P04_107_44021.jpg,1,dough
P04_107_4406.jpg,1,dough
P04_107_44072.jpg,1,dough
P04_107_44112.jpg,1,dough
P04_107_44277.jpg,1,dough
P04_107_44481.jpg,1,dough
P04_107_44517.jpg,1,dough
P04_107_44571.jpg,1,dough
P04_107_44745.jpg,1,dough
P04_107_44949.jpg,1,dough
P04_107_45020.jpg,1,dough
P04_107_45176.jpg,1,dough
P04_107_45241.jpg,1,dough
P04_107_45390.jpg,9,knife
P04_107_4573.jpg,1,dough
P04_107_4602.jpg,9,knife
P04_107_46077.jpg,1,dough
P04_107_46168.jpg,1,dough
P04_107_46182.jpg,1,dough
P04_107_46248.jpg,1,dough
P04_107_46336.jpg,1,dough
P04_107_4634.jpg,1,dough
P04_107_46429.jpg,1,dough
P04_107_46513.jpg,1,dough
P04_107_46737.jpg,1,dough
P04_107_46770.jpg,9,knife
P04_107_46784.jpg,1,dough
P04_107_46800.jpg,1,dough
P04_107_46842.jpg,2,bowl
P04_107_46880.jpg,2,bowl
P04_107_46942.jpg,1,dough
P04_107_46960.jpg,"1,2","dough,bowl"
P04_107_46962.jpg,2,bowl
P04_107_47023.jpg,1,dough
P04_107_47045.jpg,9,knife
P04_107_4710.jpg,1,dough
P04_107_47144.jpg,1,dough
P04_107_47232.jpg,1,dough
P04_107_47515.jpg,1,dough
P04_107_47542.jpg,1,dough
P04_107_47562.jpg,1,dough
P04_107_4792.jpg,7,cupboard
P04_107_47920.jpg,1,dough
P04_107_47996.jpg,1,dough
P04_107_48013.jpg,1,dough
P04_107_48036.jpg,1,dough
P04_107_48047.jpg,1,dough
P04_107_48137.jpg,1,dough
P04_107_48201.jpg,1,dough
P04_107_48407.jpg,1,dough
P04_107_48525.jpg,1,dough
P04_107_48545.jpg,1,dough
P04_107_48565.jpg,1,dough
P04_107_48662.jpg,1,dough
P04_107_48715.jpg,1,dough
P04_107_48746.jpg,1,dough
P04_107_48772.jpg,1,dough
P04_107_48787.jpg,1,dough
P04_107_48805.jpg,1,dough
P04_107_48822.jpg,1,dough
P04_107_48928.jpg,1,dough
P04_107_4894.jpg,7,cupboard
P04_107_49.jpg,4,pan
P04_107_49086.jpg,1,dough
P04_107_49238.jpg,1,dough
P04_107_49289.jpg,1,dough
P04_107_49321.jpg,1,dough
P04_107_49388.jpg,1,dough
P04_107_4939.jpg,7,cupboard
P04_107_49418.jpg,1,dough
P04_107_49592.jpg,1,dough
P04_107_50100.jpg,1,dough
P04_107_50304.jpg,1,dough
P04_107_50315.jpg,1,dough
P04_107_50342.jpg,1,dough
P04_107_50746.jpg,1,dough
P04_107_50793.jpg,1,dough
P04_107_50825.jpg,1,dough
P04_107_50898.jpg,1,dough
P04_107_50969.jpg,1,dough
P04_107_51077.jpg,1,dough
P04_107_51222.jpg,1,dough
P04_107_51333.jpg,1,dough
P04_107_51446.jpg,1,dough
P04_107_51565.jpg,1,dough
P04_107_51673.jpg,1,dough
P04_107_51802.jpg,1,dough
P04_107_51829.jpg,1,dough
P04_107_51901.jpg,1,dough
P04_107_51920.jpg,1,dough
P04_107_52049.jpg,1,dough
P04_107_52565.jpg,1,dough
P04_107_52629.jpg,1,dough
P04_107_52829.jpg,1,dough
P04_107_53027.jpg,1,dough
P04_107_53188.jpg,1,dough
P04_107_53283.jpg,1,dough
P04_107_53295.jpg,1,dough
P04_107_53437.jpg,1,dough
P04_107_53541.jpg,1,dough
P04_107_53572.jpg,1,dough
P04_107_53634.jpg,1,dough
P04_107_53810.jpg,1,dough
P04_107_53822.jpg,1,dough
P04_107_53899.jpg,1,dough
P04_107_53955.jpg,1,dough
P04_107_54107.jpg,1,dough
P04_107_54150.jpg,1,dough
P04_107_54177.jpg,1,dough
P04_107_54219.jpg,1,dough
P04_107_54394.jpg,1,dough
P04_107_54537.jpg,1,dough
P04_107_54558.jpg,1,dough
P04_107_54571.jpg,1,dough
P04_107_54609.jpg,1,dough
P04_107_54640.jpg,1,dough
P04_107_54802.jpg,1,dough
P04_107_54912.jpg,1,dough
P04_107_55191.jpg,1,dough
P04_107_55244.jpg,1,dough
P04_107_55379.jpg,1,dough
P04_107_55562.jpg,1,dough
P04_107_55949.jpg,1,dough
P04_107_56175.jpg,1,dough
P04_107_56190.jpg,1,dough
P04_107_56391.jpg,1,dough
P04_107_56590.jpg,1,dough
P04_107_56615.jpg,1,dough
P04_107_56739.jpg,1,dough
P04_107_56849.jpg,1,dough
P04_107_57043.jpg,1,dough
P04_107_57091.jpg,1,dough
P04_107_57129.jpg,1,dough
P04_107_57263.jpg,1,dough
P04_107_57463.jpg,1,dough
P04_107_57478.jpg,1,dough
P04_107_57502.jpg,1,dough
P04_107_57725.jpg,1,dough
P04_107_57749.jpg,1,dough
P04_107_57780.jpg,1,dough
P04_107_57817.jpg,1,dough
P04_107_58029.jpg,1,dough
P04_107_58357.jpg,1,dough
P04_107_58371.jpg,"1,10","dough,hand"
P04_107_58514.jpg,1,dough
P04_107_58561.jpg,1,dough
P04_107_59048.jpg,1,dough
P04_107_59110.jpg,1,dough
P04_107_59112.jpg,1,dough
P04_107_59417.jpg,1,dough
P04_107_59484.jpg,1,dough
P04_107_59562.jpg,1,dough
P04_107_59695.jpg,1,dough
P04_107_59884.jpg,1,dough
P04_107_59895.jpg,1,dough
P04_107_59904.jpg,1,dough
P04_107_59952.jpg,1,dough
P04_107_59977.jpg,1,dough
P04_107_60194.jpg,1,dough
P04_107_60491.jpg,1,dough
P04_107_60563.jpg,1,dough
P04_107_60700.jpg,1,dough
P04_107_60827.jpg,1,dough
P04_107_60975.jpg,1,dough
P04_107_61048.jpg,1,dough
P04_107_61247.jpg,1,dough
P04_107_61342.jpg,1,dough
P04_107_61349.jpg,1,dough
P04_107_61420.jpg,1,dough
P04_107_61703.jpg,1,dough
P04_107_61800.jpg,1,dough
P04_107_61821.jpg,1,dough
P04_107_61869.jpg,1,dough
P04_107_61891.jpg,1,dough
P04_107_62030.jpg,1,dough
P04_107_62055.jpg,1,dough
P04_107_62180.jpg,1,dough
P04_107_62299.jpg,1,dough
P04_107_62341.jpg,1,dough
P04_107_62369.jpg,1,dough
P04_107_62468.jpg,1,dough
P04_107_62472.jpg,1,dough
P04_107_62496.jpg,1,dough
P04_107_62527.jpg,1,dough
P04_107_62556.jpg,1,dough
P04_107_62778.jpg,1,dough
P04_107_62960.jpg,1,dough
P04_107_62990.jpg,1,dough
P04_107_63356.jpg,1,dough
P04_107_63509.jpg,1,dough
P04_107_63538.jpg,1,dough
P04_107_63746.jpg,1,dough
P04_107_63799.jpg,1,dough
P04_107_64001.jpg,1,dough
P04_107_64065.jpg,1,dough
P04_107_64161.jpg,1,dough
P04_107_64243.jpg,1,dough
P04_107_64245.jpg,1,dough
P04_107_64265.jpg,1,dough
P04_107_64447.jpg,1,dough
P04_107_64508.jpg,1,dough
P04_107_64591.jpg,1,dough
P04_107_64870.jpg,1,dough
P04_107_65068.jpg,1,dough
P04_107_65143.jpg,1,dough
P04_107_65197.jpg,1,dough
P04_107_65317.jpg,1,dough
P04_107_65420.jpg,1,dough
P04_107_65470.jpg,1,dough
P04_107_65492.jpg,1,dough
P04_107_65524.jpg,1,dough
P04_107_65533.jpg,1,dough
P04_107_65692.jpg,1,dough
P04_107_65813.jpg,1,dough
P04_107_65897.jpg,1,dough
P04_107_65912.jpg,1,dough
P04_107_65947.jpg,1,dough
P04_107_66122.jpg,1,dough
P04_107_66125.jpg,1,dough
P04_107_66151.jpg,1,dough
P04_107_66162.jpg,1,dough
P04_107_66493.jpg,1,dough
P04_107_66552.jpg,1,dough
P04_107_66673.jpg,1,dough
P04_107_66689.jpg,1,dough
P04_107_66817.jpg,1,dough
P04_107_66979.jpg,1,dough
P04_107_67036.jpg,1,dough
P04_107_67174.jpg,1,dough
P04_107_67277.jpg,1,dough
P04_107_67348.jpg,1,dough
P04_107_67358.jpg,"1,10","dough,hand"
P04_107_67535.jpg,1,dough
P04_107_67716.jpg,1,dough
P04_107_67789.jpg,1,dough
P04_107_67827.jpg,1,dough
P04_107_67949.jpg,1,dough
P04_107_67965.jpg,1,dough
P04_107_68112.jpg,1,dough
P04_107_68289.jpg,1,dough
P04_107_68344.jpg,1,dough
P04_107_68533.jpg,1,dough
P04_107_68605.jpg,1,dough
P04_107_68839.jpg,1,dough
P04_107_69121.jpg,1,dough
P04_107_69230.jpg,1,dough
P04_107_69408.jpg,1,dough
P04_107_69440.jpg,1,dough
P04_107_69665.jpg,1,dough
P04_107_69850.jpg,1,dough
P04_107_69885.jpg,1,dough
P04_107_69950.jpg,1,dough
P04_107_70002.jpg,1,dough
P04_107_70165.jpg,1,dough
P04_107_70305.jpg,1,dough
P04_107_70351.jpg,1,dough
P04_107_70560.jpg,12,drawer
P04_107_70673.jpg,12,drawer
P04_107_7113.jpg,12,drawer
P04_107_71831.jpg,6,spoon
P04_107_72138.jpg,7,cupboard
P04_107_72323.jpg,6,spoon
P04_107_73804.jpg,6,spoon
P04_107_7427.jpg,12,drawer
P04_107_951.jpg,1,dough
P04_121_1009.jpg,11,spatula
P04_121_10425.jpg,11,spatula
P04_121_10564.jpg,11,spatula
P04_121_10644.jpg,11,spatula
P04_121_11362.jpg,11,spatula
P04_121_11522.jpg,11,spatula
P04_121_11613.jpg,11,spatula
P04_121_11736.jpg,11,spatula
P04_121_12741.jpg,"4,11","pan,spatula"
P04_121_12834.jpg,11,spatula
P04_121_13266.jpg,10,hand
P04_121_13394.jpg,10,hand
P04_121_1368.jpg,11,spatula
P04_121_1442.jpg,11,spatula
P04_121_14666.jpg,11,spatula
P04_121_14844.jpg,11,spatula
P04_121_14929.jpg,11,spatula
P04_121_15115.jpg,11,spatula
P04_121_15129.jpg,11,spatula
P04_121_15649.jpg,"4,11","pan,spatula"
P04_121_15666.jpg,11,spatula
P04_121_1605.jpg,12,drawer
P04_121_17472.jpg,9,knife
P04_121_17547.jpg,9,knife
P04_121_1763.jpg,9,knife
P04_121_17770.jpg,3,tap
P04_121_17845.jpg,8,sponge
P04_121_17945.jpg,8,sponge
P04_121_17977.jpg,8,sponge
P04_121_18147.jpg,8,sponge
P04_121_1838.jpg,9,knife
P04_121_18496.jpg,3,tap
P04_121_19272.jpg,14,lid
P04_121_20360.jpg,6,spoon
P04_121_20451.jpg,6,spoon
P04_121_20539.jpg,6,spoon
P04_121_20740.jpg,12,drawer
P04_121_20770.jpg,12,drawer
P04_121_20815.jpg,12,drawer
P04_121_20888.jpg,6,spoon
P04_121_20902.jpg,12,drawer
P04_121_21817.jpg,13,glass
P04_121_2202.jpg,9,knife
P04_121_23170.jpg,14,lid
P04_121_23385.jpg,3,tap
P04_121_23638.jpg,8,sponge
P04_121_23685.jpg,8,sponge
P04_121_23754.jpg,8,sponge
P04_121_23828.jpg,8,sponge
P04_121_23881.jpg,8,sponge
P04_121_24166.jpg,8,sponge
P04_121_24202.jpg,8,sponge
P04_121_24557.jpg,3,tap
P04_121_24608.jpg,3,tap
P04_121_25282.jpg,11,spatula
P04_121_25620.jpg,"4,11,11","pan,spatula,spatula"
P04_121_2595.jpg,9,knife
P04_121_26249.jpg,7,cupboard
P04_121_26319.jpg,7,cupboard
P04_121_26396.jpg,7,cupboard
P04_121_26829.jpg,17,fridge
P04_121_26867.jpg,17,fridge
P04_121_27129.jpg,2,bowl
P04_121_2727.jpg,"11,4","spatula,pan"
P04_121_27342.jpg,2,bowl
P04_121_27566.jpg,"1,2","dough,bowl"
P04_121_27614.jpg,1,dough
P04_121_27735.jpg,3,tap
P04_121_27852.jpg,2,bowl
P04_121_28287.jpg,11,spatula
P04_121_2956.jpg,9,knife
P04_121_29644.jpg,"4,11","pan,spatula"
P04_121_29729.jpg,11,spatula
P04_121_29868.jpg,3,tap
P04_121_29903.jpg,2,bowl
P04_121_29926.jpg,2,bowl
P04_121_30183.jpg,3,tap
P04_121_30302.jpg,8,sponge
P04_121_30310.jpg,2,bowl
P04_121_30363.jpg,8,sponge
P04_121_30466.jpg,3,tap
P04_121_30542.jpg,3,tap
P04_121_30641.jpg,2,bowl
P04_121_30808.jpg,2,bowl
P04_121_30822.jpg,3,tap
P04_121_30952.jpg,2,bowl
P04_121_31019.jpg,"2,3","bowl,tap"
P04_121_32069.jpg,"2,3","bowl,tap"
P04_121_32574.jpg,"2,3","bowl,tap"
P04_121_32890.jpg,2,bowl
P04_121_32927.jpg,3,tap
P04_121_32972.jpg,3,tap
P04_121_33027.jpg,3,tap
P04_121_33078.jpg,2,bowl
P04_121_34139.jpg,2,bowl
P04_121_34216.jpg,2,bowl
P04_121_34255.jpg,2,bowl
P04_121_34535.jpg,3,tap
P04_121_34591.jpg,"2,3","bowl,tap"
P04_121_34650.jpg,2,bowl
P04_121_34686.jpg,10,hand
P04_121_34798.jpg,10,hand
P04_121_34918.jpg,4,pan
P04_121_34986.jpg,11,spatula
P04_121_35141.jpg,"4,11","pan,spatula"
P04_121_35632.jpg,"4,11","pan,spatula"
P04_121_36417.jpg,11,spatula
P04_121_36635.jpg,4,pan
P04_121_36802.jpg,2,bowl
P04_121_36835.jpg,2,bowl
P04_121_36946.jpg,2,bowl
P04_121_37029.jpg,2,bowl
P04_121_37566.jpg,2,bowl
P04_121_37633.jpg,"2,3","bowl,tap"
P04_121_37937.jpg,"2,3","bowl,tap"
P04_121_38081.jpg,8,sponge
P04_121_38110.jpg,"2,3","bowl,tap"
P04_121_38358.jpg,2,bowl
P04_121_38369.jpg,"2,8","bowl,sponge"
P04_121_38461.jpg,2,bowl
P04_121_38486.jpg,"1,8","dough,sponge"
P04_121_38606.jpg,8,sponge
P04_121_38648.jpg,"2,8","bowl,sponge"
P04_121_38662.jpg,"1,2","dough,bowl"
P04_121_38888.jpg,"1,2","dough,bowl"
P04_121_38989.jpg,"1,2","dough,bowl"
P04_121_39385.jpg,"2,8","bowl,sponge"
P04_121_39555.jpg,"1,2","dough,bowl"
P04_121_39581.jpg,2,bowl
P04_121_39663.jpg,"2,3","bowl,tap"
P04_121_39692.jpg,"2,8","bowl,sponge"
P04_121_39714.jpg,2,bowl
P04_121_39732.jpg,8,sponge
P04_121_39954.jpg,2,bowl
P04_121_39969.jpg,2,bowl
P04_121_40044.jpg,2,bowl
P04_121_40533.jpg,2,bowl
P04_121_406.jpg,11,spatula
P04_121_41307.jpg,2,bowl
P04_121_41345.jpg,"2,3","bowl,tap"
P04_121_41386.jpg,2,bowl
P04_121_41415.jpg,2,bowl
P04_121_41507.jpg,2,bowl
P04_121_41752.jpg,"1,2","dough,bowl"
P04_121_41850.jpg,2,bowl
P04_121_42131.jpg,"1,2","dough,bowl"
P04_121_42264.jpg,2,bowl
P04_121_42290.jpg,2,bowl
P04_121_42457.jpg,2,bowl
P04_121_42520.jpg,"2,8","bowl,sponge"
P04_121_42536.jpg,8,sponge
P04_121_42599.jpg,8,sponge
P04_121_42664.jpg,"2,8","bowl,sponge"
P04_121_42745.jpg,2,bowl
P04_121_43182.jpg,"2,8","bowl,sponge"
P04_121_43251.jpg,"1,2","dough,bowl"
P04_121_43561.jpg,"2,8","bowl,sponge"
P04_121_43667.jpg,"1,2","dough,bowl"
P04_121_43681.jpg,8,sponge
P04_121_43938.jpg,"2,3","bowl,tap"
P04_121_43996.jpg,2,bowl
P04_121_44099.jpg,3,tap
P04_121_44147.jpg,3,tap
P04_121_44320.jpg,2,bowl
P04_121_44630.jpg,2,bowl
P04_121_44705.jpg,2,bowl
P04_121_45138.jpg,2,bowl
P04_121_45197.jpg,2,bowl
P04_121_45943.jpg,4,pan
P04_121_46072.jpg,11,spatula
P04_121_46271.jpg,11,spatula
P04_121_46421.jpg,11,spatula
P04_121_46460.jpg,2,bowl
P04_121_46535.jpg,2,bowl
P04_121_46597.jpg,2,bowl
P04_121_46847.jpg,11,spatula
P04_121_47084.jpg,11,spatula
P04_121_47589.jpg,2,bowl
P04_121_47705.jpg,11,spatula
P04_121_47829.jpg,11,spatula
P04_121_47857.jpg,2,bowl
P04_121_48217.jpg,2,bowl
P04_121_48674.jpg,2,bowl
P04_121_48884.jpg,11,spatula
P04_121_48967.jpg,2,bowl
P04_121_49109.jpg,11,spatula
P04_121_49154.jpg,2,bowl
P04_121_49312.jpg,11,spatula
P04_121_49367.jpg,2,bowl
P04_121_49507.jpg,11,spatula
P04_121_49657.jpg,2,bowl
P04_121_49862.jpg,11,spatula
P04_121_49911.jpg,2,bowl
P04_121_49912.jpg,11,spatula
P04_121_49989.jpg,2,bowl
P04_121_50151.jpg,11,spatula
P04_121_50246.jpg,2,bowl
P04_121_50883.jpg,2,bowl
P04_121_51134.jpg,11,spatula
P04_121_51414.jpg,2,bowl
P04_121_51445.jpg,2,bowl
P04_121_51532.jpg,11,spatula
P04_121_51655.jpg,2,bowl
P04_121_51687.jpg,11,spatula
P04_121_51748.jpg,11,spatula
P04_121_52104.jpg,2,bowl
P04_121_52206.jpg,2,bowl
P04_121_52312.jpg,11,spatula
P04_121_52431.jpg,2,bowl
P04_121_53379.jpg,2,bowl
P04_121_53567.jpg,2,bowl
P04_121_54796.jpg,3,tap
P04_121_54837.jpg,3,tap
P04_121_54880.jpg,3,tap
P04_121_55439.jpg,3,tap
P04_121_55474.jpg,3,tap
P04_121_56430.jpg,2,bowl
P04_121_56481.jpg,2,bowl
P04_121_57114.jpg,4,pan
P04_121_57511.jpg,2,bowl
P04_121_57587.jpg,2,bowl
P04_121_57644.jpg,2,bowl
P04_121_57830.jpg,10,hand
P04_121_58016.jpg,4,pan
P04_121_58091.jpg,2,bowl
P04_121_58292.jpg,2,bowl
P04_121_58436.jpg,4,pan
P04_121_58652.jpg,2,bowl
P04_121_58915.jpg,2,bowl
P04_121_58922.jpg,2,bowl
P04_121_59019.jpg,2,bowl
P04_121_59733.jpg,2,bowl
P04_121_59814.jpg,4,pan
P04_121_59887.jpg,2,bowl
P04_121_59961.jpg,2,bowl
P04_121_60086.jpg,2,bowl
P04_121_60190.jpg,4,pan
P04_121_60270.jpg,2,bowl
P04_121_60308.jpg,2,bowl
P04_121_617.jpg,11,spatula
P04_121_62176.jpg,2,bowl
P04_121_62227.jpg,4,pan
P04_121_62291.jpg,2,bowl
P04_121_62330.jpg,2,bowl
P04_121_6417.jpg,9,knife
P04_121_64282.jpg,2,bowl
P04_121_64343.jpg,4,pan
P04_121_64384.jpg,2,bowl
P04_121_64414.jpg,2,bowl
P04_121_64464.jpg,2,bowl
P04_121_6451.jpg,11,spatula
P04_121_64671.jpg,2,bowl
P04_121_65695.jpg,12,drawer
P04_121_65954.jpg,6,spoon
P04_121_65998.jpg,12,drawer
P04_121_67149.jpg,6,spoon
P04_121_67417.jpg,2,bowl
P04_121_67537.jpg,2,bowl
P04_121_67610.jpg,6,spoon
P04_121_68163.jpg,2,bowl
P04_121_68322.jpg,"2,4","bowl,pan"
P04_121_68410.jpg,2,bowl
P04_121_68434.jpg,2,bowl
P04_121_68511.jpg,"2,4","bowl,pan"
P04_121_68586.jpg,2,bowl
P04_121_70737.jpg,2,bowl
P04_121_70813.jpg,"2,4","bowl,pan"
P04_121_70886.jpg,2,bowl
P04_121_7602.jpg,11,spatula
P04_121_76063.jpg,2,bowl
P04_121_76137.jpg,2,bowl
P04_121_76337.jpg,2,bowl
P04_121_76405.jpg,3,tap
P04_121_76487.jpg,2,bowl
P04_121_77916.jpg,2,bowl
P04_121_77992.jpg,3,tap
P04_121_78135.jpg,"2,3","bowl,tap"
P04_121_78399.jpg,3,tap
P04_121_78825.jpg,3,tap
P04_121_78871.jpg,3,tap
P04_121_78968.jpg,2,bowl
P04_121_7901.jpg,11,spatula
P04_121_7928.jpg,9,knife
P04_121_79639.jpg,2,bowl
P04_121_79921.jpg,2,bowl
P04_121_80143.jpg,2,bowl
P04_121_80374.jpg,2,bowl
P04_121_80501.jpg,2,bowl
P04_121_8073.jpg,11,spatula
P04_121_80968.jpg,2,bowl
P04_121_81127.jpg,2,bowl
P04_121_8131.jpg,11,spatula
P04_121_81333.jpg,2,bowl
P04_121_81403.jpg,3,tap
P04_121_81652.jpg,3,tap
P04_121_82941.jpg,11,spatula
P04_121_83115.jpg,4,pan
P04_121_83342.jpg,4,pan
P04_121_83389.jpg,"11,4","spatula,pan"
P04_121_83470.jpg,4,pan
P04_121_83638.jpg,3,tap
P04_121_83851.jpg,3,tap
P04_121_84225.jpg,10,hand
P04_121_8519.jpg,9,knife
P04_121_8743.jpg,9,knife
P04_121_8830.jpg,3,tap
P04_121_8857.jpg,9,knife
P04_121_8868.jpg,3,tap
P04_121_8896.jpg,9,knife
P04_121_9086.jpg,9,knife
P04_121_9401.jpg,9,knife
P04_121_9573.jpg,"9,12","knife,drawer"
P22_117_10481.jpg,8,sponge
P22_117_10532.jpg,3,tap
P22_117_10547.jpg,3,tap
P22_117_11242.jpg,19,container
P22_117_11296.jpg,19,container
P22_117_11364.jpg,14,lid
P22_117_11615.jpg,14,lid
P22_117_11674.jpg,14,lid
P22_117_11742.jpg,14,lid
P22_117_11897.jpg,14,lid
P22_117_11905.jpg,19,container
P22_117_1195.jpg,2,bowl
P22_117_11964.jpg,19,container
P22_117_12030.jpg,14,lid
P22_117_12209.jpg,19,container
P22_117_12268.jpg,19,container
P22_117_12616.jpg,3,tap
P22_117_1265.jpg,2,bowl
P22_117_12687.jpg,18,cloth
P22_117_12838.jpg,10,hand
P22_117_12893.jpg,18,cloth
P22_117_12953.jpg,12,drawer
P22_117_13259.jpg,7,cupboard
P22_117_13322.jpg,17,fridge
P22_117_13385.jpg,12,drawer
P22_117_1340.jpg,11,spatula
P22_117_13583.jpg,12,drawer
P22_117_13707.jpg,17,fridge
P22_117_13744.jpg,7,cupboard
P22_117_1385.jpg,12,drawer
P22_117_13904.jpg,3,tap
P22_117_14136.jpg,3,tap
P22_117_1425.jpg,11,spatula
P22_117_14292.jpg,9,knife
P22_117_14577.jpg,9,knife
P22_117_14637.jpg,12,drawer
P22_117_15221.jpg,12,drawer
P22_117_158.jpg,12,drawer
P22_117_17521.jpg,3,tap
P22_117_17711.jpg,3,tap
P22_117_18875.jpg,3,tap
P22_117_18954.jpg,10,hand
P22_117_18979.jpg,3,tap
P22_117_19007.jpg,10,hand
P22_117_19032.jpg,18,cloth
P22_117_19139.jpg,10,hand
P22_117_19182.jpg,18,cloth
P22_117_19274.jpg,9,knife
P22_117_2030.jpg,7,cupboard
P22_117_21158.jpg,9,knife
P22_117_21339.jpg,3,tap
P22_117_21422.jpg,3,tap
P22_117_21699.jpg,9,knife
P22_117_2177.jpg,7,cupboard
P22_117_2213.jpg,3,tap
P22_117_223.jpg,4,pan
P22_117_2257.jpg,10,hand
P22_117_2301.jpg,3,tap
P22_117_2334.jpg,10,hand
P22_117_23659.jpg,9,knife
P22_117_2368.jpg,18,cloth
P22_117_23698.jpg,3,tap
P22_117_23743.jpg,10,hand
P22_117_23759.jpg,3,tap
P22_117_23791.jpg,10,hand
P22_117_23836.jpg,18,cloth
P22_117_23900.jpg,10,hand
P22_117_23949.jpg,18,cloth
P22_117_24029.jpg,12,drawer
P22_117_24165.jpg,4,pan
P22_117_24608.jpg,4,pan
P22_117_24682.jpg,12,drawer
P22_117_24901.jpg,4,pan
P22_117_2503.jpg,10,hand
P22_117_2572.jpg,18,cloth
P22_117_2655.jpg,12,drawer
P22_117_26587.jpg,9,knife
P22_117_26857.jpg,16,onion
P22_117_27141.jpg,16,onion
P22_117_27391.jpg,16,onion
P22_117_27424.jpg,"16,9","onion,knife"
P22_117_27558.jpg,9,knife
P22_117_28046.jpg,16,onion
P22_117_28100.jpg,9,knife
P22_117_28282.jpg,16,onion
P22_117_28351.jpg,16,onion
P22_117_28424.jpg,9,knife
P22_117_28445.jpg,16,onion
P22_117_28995.jpg,16,onion
P22_117_290.jpg,4,pan
P22_117_29030.jpg,9,knife
P22_117_29084.jpg,16,onion
P22_117_29148.jpg,16,onion
P22_117_29302.jpg,16,onion
P22_117_29426.jpg,16,onion
P22_117_29486.jpg,3,tap
P22_117_29541.jpg,10,hand
P22_117_29552.jpg,3,tap
P22_117_29577.jpg,10,hand
P22_117_29607.jpg,18,cloth
P22_117_29701.jpg,10,hand
P22_117_29757.jpg,18,cloth
P22_117_29798.jpg,7,cupboard
P22_117_29832.jpg,13,glass
P22_117_29903.jpg,3,tap
P22_117_29936.jpg,13,glass
P22_117_30010.jpg,3,tap
P22_117_30107.jpg,13,glass
P22_117_30164.jpg,12,drawer
P22_117_30371.jpg,11,spatula
P22_117_30399.jpg,12,drawer
P22_117_31059.jpg,11,spatula
P22_117_31101.jpg,13,glass
P22_117_31257.jpg,13,glass
P22_117_31293.jpg,11,spatula
P22_117_3147.jpg,12,drawer
P22_117_31581.jpg,11,spatula
P22_117_32125.jpg,14,lid
P22_117_32183.jpg,14,lid
P22_117_32330.jpg,3,tap
P22_117_32385.jpg,10,hand
P22_117_32406.jpg,3,tap
P22_117_32425.jpg,10,hand
P22_117_32450.jpg,18,cloth
P22_117_32561.jpg,10,hand
P22_117_32622.jpg,18,cloth
P22_117_32823.jpg,7,cupboard
P22_117_32906.jpg,7,cupboard
P22_117_33378.jpg,7,cupboard
P22_117_33504.jpg,7,cupboard
P22_117_33547.jpg,2,bowl
P22_117_33596.jpg,2,bowl
P22_117_3364.jpg,7,cupboard
P22_117_33729.jpg,2,bowl
P22_117_33823.jpg,2,bowl
P22_117_3429.jpg,17,fridge
P22_117_3501.jpg,19,container
P22_117_35314.jpg,7,cupboard
P22_117_35406.jpg,7,cupboard
P22_117_35502.jpg,2,bowl
P22_117_3560.jpg,17,fridge
P22_117_35685.jpg,11,spatula
P22_117_360.jpg,14,lid
P22_117_36650.jpg,11,spatula
P22_117_36764.jpg,3,tap
P22_117_36816.jpg,8,sponge
P22_117_36894.jpg,8,sponge
P22_117_36937.jpg,8,sponge
P22_117_37005.jpg,8,sponge
P22_117_37027.jpg,3,tap
P22_117_3725.jpg,19,container
P22_117_37411.jpg,3,tap
P22_117_37459.jpg,3,tap
P22_117_3761.jpg,14,lid
P22_117_37755.jpg,8,sponge
P22_117_37780.jpg,3,tap
P22_117_38411.jpg,3,tap
P22_117_38437.jpg,8,sponge
P22_117_3851.jpg,12,drawer
P22_117_38607.jpg,9,knife
P22_117_38697.jpg,9,knife
P22_117_38715.jpg,8,sponge
P22_117_38723.jpg,3,tap
P22_117_38838.jpg,9,knife
P22_117_38888.jpg,9,knife
P22_117_39127.jpg,10,hand
P22_117_39131.jpg,3,tap
P22_117_39161.jpg,10,hand
P22_117_39190.jpg,18,cloth
P22_117_39275.jpg,10,hand
P22_117_3940.jpg,12,drawer
P22_117_39440.jpg,18,cloth
P22_117_39505.jpg,18,cloth
P22_117_39525.jpg,3,tap
P22_117_39577.jpg,18,cloth
P22_117_39605.jpg,3,tap
P22_117_39682.jpg,18,cloth
P22_117_4023.jpg,19,container
P22_117_40266.jpg,13,glass
P22_117_40324.jpg,3,tap
P22_117_40372.jpg,13,glass
P22_117_40448.jpg,3,tap
P22_117_40638.jpg,13,glass
P22_117_40710.jpg,11,spatula
P22_117_41085.jpg,11,spatula
P22_117_41522.jpg,11,spatula
P22_117_41925.jpg,12,drawer
P22_117_420.jpg,14,lid
P22_117_42110.jpg,12,drawer
P22_117_42315.jpg,18,cloth
P22_117_42721.jpg,3,tap
P22_117_42874.jpg,18,cloth
P22_117_42901.jpg,3,tap
P22_117_42969.jpg,18,cloth
P22_117_43043.jpg,18,cloth
P22_117_43079.jpg,3,tap
P22_117_43142.jpg,10,hand
P22_117_43153.jpg,3,tap
P22_117_43186.jpg,10,hand
P22_117_43224.jpg,18,cloth
P22_117_43452.jpg,10,hand
P22_117_43488.jpg,18,cloth
P22_117_43824.jpg,12,drawer
P22_117_43887.jpg,20,fork
P22_117_43989.jpg,6,spoon
P22_117_44018.jpg,20,fork
P22_117_44073.jpg,12,drawer
P22_117_44160.jpg,6,spoon
P22_117_44300.jpg,7,cupboard
P22_117_44558.jpg,15,plate
P22_117_44624.jpg,7,cupboard
P22_117_44747.jpg,15,plate
P22_117_44804.jpg,14,lid
P22_117_45022.jpg,14,lid
P22_117_46022.jpg,15,plate
P22_117_46164.jpg,15,plate
P22_117_46383.jpg,3,tap
P22_117_46437.jpg,3,tap
P22_117_46572.jpg,3,tap
P22_117_47117.jpg,3,tap
P22_117_47144.jpg,7,cupboard
P22_117_47190.jpg,13,glass
P22_117_47345.jpg,13,glass
P22_117_47386.jpg,7,cupboard
P22_117_47445.jpg,17,fridge
P22_117_47577.jpg,17,fridge
P22_117_47631.jpg,7,cupboard
P22_117_47872.jpg,11,spatula
P22_117_48140.jpg,11,spatula
P22_117_48175.jpg,13,glass
P22_117_48250.jpg,3,tap
P22_117_48342.jpg,13,glass
P22_117_48360.jpg,3,tap
P22_117_48457.jpg,13,glass
P22_117_4862.jpg,14,lid
P22_117_488.jpg,12,drawer
P22_117_5475.jpg,12,drawer
P22_117_548.jpg,15,plate
P22_117_5536.jpg,14,lid
P22_117_5581.jpg,12,drawer
P22_117_5714.jpg,14,lid
P22_117_5771.jpg,"14,19","lid,container"
P22_117_590.jpg,7,cupboard
P22_117_5939.jpg,"14,19","lid,container"
P22_117_6244.jpg,19,container
P22_117_6350.jpg,19,container
P22_117_6442.jpg,6,spoon
P22_117_6525.jpg,7,cupboard
P22_117_6630.jpg,7,cupboard
P22_117_7311.jpg,3,tap
P22_117_735.jpg,15,plate
P22_117_7414.jpg,8,sponge
P22_117_7448.jpg,8,sponge
P22_117_7563.jpg,8,sponge
P22_117_7613.jpg,8,sponge
P22_117_7636.jpg,3,tap
P22_117_771.jpg,7,cupboard
P22_117_7735.jpg,6,spoon
P22_117_7883.jpg,6,spoon
P22_117_7911.jpg,6,spoon
P22_117_8329.jpg,19,container
P22_117_8349.jpg,3,tap
P22_117_8633.jpg,19,container
P22_117_8660.jpg,19,container
P22_117_8709.jpg,19,container
P22_117_8773.jpg,14,lid
P22_117_8915.jpg,14,lid
P22_117_8950.jpg,14,lid
P22_117_9177.jpg,19,container
P22_117_9226.jpg,3,tap
P22_117_9313.jpg,14,lid
P22_117_9406.jpg,14,lid
P22_117_9716.jpg,14,lid
P22_117_9758.jpg,3,tap
P22_117_9769.jpg,19,container
P22_117_9988.jpg,19,container
